{"v":"5.6.8","fr":60,"ip":0,"op":92,"w":48,"h":48,"nm":"phone","ddd":0,"assets":[],"layers":[{"ddd":0,"ind":1,"ty":4,"nm":"Phone","sr":1,"ks":{"o":{"a":0,"k":100,"ix":11},"r":{"a":1,"k":[{"i":{"x":[0.2],"y":[1]},"o":{"x":[0.2],"y":[0]},"t":0,"s":[0],"e":[12]},{"i":{"x":[0.2],"y":[1]},"o":{"x":[0.4],"y":[0]},"t":20,"s":[12],"e":[-20]},{"i":{"x":[0.667],"y":[1]},"o":{"x":[0.4],"y":[0]},"t":28,"s":[-20],"e":[20]},{"i":{"x":[0.667],"y":[1]},"o":{"x":[0.333],"y":[0]},"t":34,"s":[20],"e":[-15]},{"i":{"x":[0.667],"y":[1]},"o":{"x":[0.333],"y":[0]},"t":38,"s":[-15],"e":[12]},{"i":{"x":[0.667],"y":[1]},"o":{"x":[0.333],"y":[0]},"t":43.699,"s":[12],"e":[-10]},{"i":{"x":[0.667],"y":[1]},"o":{"x":[0.333],"y":[0]},"t":48.934,"s":[-10],"e":[6]},{"i":{"x":[0.667],"y":[1]},"o":{"x":[0.333],"y":[0]},"t":56,"s":[6],"e":[-4]},{"i":{"x":[0.667],"y":[1]},"o":{"x":[0.333],"y":[0]},"t":64,"s":[-4],"e":[2]},{"i":{"x":[0.667],"y":[1]},"o":{"x":[0.333],"y":[0]},"t":72,"s":[2],"e":[0]},{"t":80}],"ix":10},"p":{"a":1,"k":[{"i":{"x":0.2,"y":0.2},"o":{"x":0.2,"y":0.2},"t":0,"s":[24,24,0],"e":[24,24,0],"to":[0,0,0],"ti":[0,0,0]},{"t":20}],"ix":2},"a":{"a":0,"k":[11,11,0],"ix":1},"s":{"a":0,"k":[100,100,100],"ix":6}},"ao":0,"shapes":[{"ty":"gr","it":[{"ind":0,"ty":"sh","ix":1,"ks":{"a":1,"k":[{"i":{"x":0.2,"y":1},"o":{"x":0.2,"y":0},"t":0,"s":[{"i":[[0,0],[-2.906,-1.5],[0,0],[-0.187,-0.188],[0,-0.282],[0,0],[0.188,-0.188],[0.282,0],[3.328,3.328],[0,4.688],[-0.188,0.188],[-0.281,0],[0,0],[-0.188,-0.187],[-0.084,-0.452],[0.214,-0.214]],"o":[[1.5,2.906],[0,0],[0.313,-0.312],[0.188,0.187],[0,0],[0,0.282],[-0.187,0.187],[-4.687,0],[-3.329,-3.328],[0,-0.281],[0.187,-0.187],[0,0],[0.281,0],[0.045,0.045],[0.265,1.433],[0,0]],"v":[[-4.391,-2.219],[2.218,4.39],[3.421,3.187],[8.718,3.797],[9,4.5],[9,8.015],[8.718,8.719],[8.015,9],[-4,5],[-9,-8.016],[-8.719,-8.719],[-8.016,-9],[-4.5,-9],[-3.797,-8.719],[-3.594,-7.91],[-3.188,-3.422]],"c":true}],"e":[{"i":[[0,0],[-3.427,-1.961],[0,0],[-0.187,-0.188],[0,-0.282],[0,0],[0.188,-0.188],[0.282,0],[3.592,3.904],[-0.551,4.87],[-0.188,0.188],[-0.281,0],[0,0],[-0.188,-0.187],[-0.084,-0.452],[0.214,-0.214]],"o":[[0.626,3.147],[0,0],[0.313,-0.312],[0.188,0.187],[0,0],[0,0.282],[-0.187,0.187],[-4.687,0],[-3.187,-3.464],[0.032,-0.279],[0.187,-0.187],[0,0],[0.281,0],[0.045,0.045],[0.265,1.433],[0,0]],"v":[[-3.343,-2.697],[2.218,4.39],[3.421,3.187],[8.718,3.797],[9,4.5],[9,8.015],[8.718,8.719],[8.015,9],[-4,5],[-7.952,-8.494],[-7.671,-9.197],[-6.968,-9.478],[-3.452,-9.478],[-2.749,-9.197],[-2.546,-8.388],[-2.14,-3.9]],"c":true}]},{"i":{"x":0.2,"y":1},"o":{"x":0.2,"y":0},"t":20,"s":[{"i":[[0,0],[-3.427,-1.961],[0,0],[-0.187,-0.188],[0,-0.282],[0,0],[0.188,-0.188],[0.282,0],[3.592,3.904],[-0.551,4.87],[-0.188,0.188],[-0.281,0],[0,0],[-0.188,-0.187],[-0.084,-0.452],[0.214,-0.214]],"o":[[0.626,3.147],[0,0],[0.313,-0.312],[0.188,0.187],[0,0],[0,0.282],[-0.187,0.187],[-4.687,0],[-3.187,-3.464],[0.032,-0.279],[0.187,-0.187],[0,0],[0.281,0],[0.045,0.045],[0.265,1.433],[0,0]],"v":[[-3.343,-2.697],[2.218,4.39],[3.421,3.187],[8.718,3.797],[9,4.5],[9,8.015],[8.718,8.719],[8.015,9],[-4,5],[-7.952,-8.494],[-7.671,-9.197],[-6.968,-9.478],[-3.452,-9.478],[-2.749,-9.197],[-2.546,-8.388],[-2.14,-3.9]],"c":true}],"e":[{"i":[[0,0],[-2.906,-1.5],[0,0],[-0.187,-0.188],[0,-0.282],[0,0],[0.188,-0.188],[0.282,0],[3.328,3.328],[0,4.688],[-0.188,0.188],[-0.281,0],[0,0],[-0.188,-0.187],[-0.084,-0.452],[0.214,-0.214]],"o":[[1.5,2.906],[0,0],[0.313,-0.312],[0.188,0.187],[0,0],[0,0.282],[-0.187,0.187],[-4.687,0],[-3.329,-3.328],[0,-0.281],[0.187,-0.187],[0,0],[0.281,0],[0.045,0.045],[0.265,1.433],[0,0]],"v":[[-4.391,-2.219],[2.218,4.39],[3.421,3.187],[8.718,3.797],[9,4.5],[9,8.015],[8.718,8.719],[8.015,9],[-4,5],[-9,-8.016],[-8.719,-8.719],[-8.016,-9],[-4.5,-9],[-3.797,-8.719],[-3.594,-7.91],[-3.188,-3.422]],"c":true}]},{"t":28}],"ix":2},"nm":"Path 1","mn":"ADBE Vector Shape - Group","hd":false},{"ty":"st","c":{"a":0,"k":[0,0,0,1],"ix":3},"o":{"a":0,"k":100,"ix":4},"w":{"a":0,"k":2,"ix":5},"lc":2,"lj":2,"bm":0,"nm":"Stroke 1","mn":"ADBE Vector Graphic - Stroke","hd":false},{"ty":"tr","p":{"a":0,"k":[11,11],"ix":2},"a":{"a":0,"k":[0,0],"ix":1},"s":{"a":0,"k":[100,100],"ix":3},"r":{"a":0,"k":0,"ix":6},"o":{"a":0,"k":100,"ix":7},"sk":{"a":0,"k":0,"ix":4},"sa":{"a":0,"k":0,"ix":5},"nm":"Transform"}],"nm":"Group 1","np":2,"cix":2,"bm":0,"ix":1,"mn":"ADBE Vector Group","hd":false}],"ip":0,"op":300,"st":0,"bm":0},{"ddd":0,"ind":2,"ty":4,"nm":"Circle","sr":1,"ks":{"o":{"a":0,"k":100,"ix":11},"r":{"a":0,"k":0,"ix":10},"p":{"a":0,"k":[24,24,0],"ix":2},"a":{"a":0,"k":[25,25,0],"ix":1},"s":{"a":0,"k":[100,100,100],"ix":6}},"ao":0,"shapes":[{"ty":"gr","it":[{"ind":0,"ty":"sh","ix":1,"ks":{"a":0,"k":{"i":[[-12.703,0],[0,-12.703],[12.702,0],[0,12.702]],"o":[[12.702,0],[0,12.702],[-12.703,0],[0,-12.703]],"v":[[0,-23],[23,0],[0,23],[-23,0]],"c":true},"ix":2},"nm":"Path 1","mn":"ADBE Vector Shape - Group","hd":false},{"ty":"st","c":{"a":0,"k":[0,0,0,1],"ix":3},"o":{"a":0,"k":100,"ix":4},"w":{"a":0,"k":2,"ix":5},"lc":1,"lj":1,"ml":4,"bm":0,"nm":"Stroke 1","mn":"ADBE Vector Graphic - Stroke","hd":false},{"ty":"tr","p":{"a":0,"k":[25,25],"ix":2},"a":{"a":0,"k":[0,0],"ix":1},"s":{"a":0,"k":[100,100],"ix":3},"r":{"a":0,"k":0,"ix":6},"o":{"a":0,"k":100,"ix":7},"sk":{"a":0,"k":0,"ix":4},"sa":{"a":0,"k":0,"ix":5},"nm":"Transform"}],"nm":"Group 1","np":2,"cix":2,"bm":0,"ix":1,"mn":"ADBE Vector Group","hd":false}],"ip":0,"op":300,"st":0,"bm":0}],"markers":[]}